-- phpMyAdmin SQL Dump
-- version 5.0.2
-- https://www.phpmyadmin.net/
--
-- Hôte : 127.0.0.1:3306
-- Généré le : mar. 05 jan. 2021 à 21:32
-- Version du serveur :  8.0.21
-- Version de PHP : 7.3.21

SET SQL_MODE = "NO_AUTO_VALUE_ON_ZERO";
START TRANSACTION;
SET time_zone = "+00:00";


/*!40101 SET @OLD_CHARACTER_SET_CLIENT=@@CHARACTER_SET_CLIENT */;
/*!40101 SET @OLD_CHARACTER_SET_RESULTS=@@CHARACTER_SET_RESULTS */;
/*!40101 SET @OLD_COLLATION_CONNECTION=@@COLLATION_CONNECTION */;
/*!40101 SET NAMES utf8mb4 */;

--
-- Base de données : `bddprojet`
--

-- --------------------------------------------------------

--
-- Structure de la table `borrow`
--

DROP TABLE IF EXISTS `borrow`;
CREATE TABLE IF NOT EXISTS `borrow` (
  `id_user` int NOT NULL,
  `id_device` int NOT NULL,
  `id_borrow` int NOT NULL,
  PRIMARY KEY (`id_user`,`id_device`,`id_borrow`),
  KEY `borrow_device0_FK` (`id_device`),
  KEY `borrow_borrow_info1_FK` (`id_borrow`)
) ENGINE=InnoDB DEFAULT CHARSET=utf8mb4 COLLATE=utf8mb4_0900_ai_ci;

--
-- Déchargement des données de la table `borrow`
--

INSERT INTO `borrow` (`id_user`, `id_device`, `id_borrow`) VALUES
(2, 27, 1),
(2, 28, 2),
(2, 29, 3),
(2, 30, 4),
(2, 31, 5),
(2, 32, 6),
(2, 33, 7),
(2, 34, 8),
(2, 35, 9),
(2, 36, 10),
(2, 37, 11),
(2, 38, 12),
(2, 39, 13),
(2, 40, 14),
(2, 41, 15),
(2, 42, 16),
(2, 43, 17),
(2, 44, 18),
(2, 45, 19),
(2, 46, 20),
(2, 47, 21),
(2, 48, 22),
(2, 49, 23),
(2, 50, 24),
(2, 51, 25),
(2, 52, 26),
(2, 53, 27),
(2, 54, 28),
(2, 55, 29),
(2, 56, 30),
(2, 151, 31),
(2, 152, 32),
(2, 153, 33),
(2, 154, 34),
(2, 155, 35),
(2, 156, 36),
(2, 157, 37),
(2, 158, 38),
(2, 159, 39),
(2, 160, 40),
(2, 161, 41),
(2, 162, 42),
(2, 163, 43),
(2, 164, 44),
(2, 165, 45),
(2, 166, 46),
(2, 167, 47),
(2, 168, 48),
(2, 169, 49),
(2, 170, 50),
(2, 171, 51),
(2, 172, 52),
(2, 173, 53),
(2, 174, 54),
(2, 175, 55),
(2, 176, 56),
(2, 177, 57),
(2, 178, 58),
(2, 179, 59),
(2, 180, 60),
(2, 181, 61),
(2, 182, 62),
(2, 183, 63),
(2, 184, 64),
(2, 185, 65),
(2, 186, 66),
(2, 187, 67),
(2, 188, 68),
(2, 189, 69),
(2, 190, 70),
(2, 191, 71),
(2, 192, 72),
(2, 193, 73),
(2, 194, 74),
(2, 195, 75),
(2, 196, 76),
(2, 197, 77),
(2, 198, 78),
(2, 199, 79),
(2, 200, 80),
(2, 201, 81),
(2, 202, 82),
(2, 203, 83),
(2, 204, 84),
(2, 205, 85),
(2, 206, 86),
(2, 207, 87),
(2, 208, 88),
(2, 209, 89),
(2, 210, 90);

-- --------------------------------------------------------

--
-- Structure de la table `borrow_info`
--

DROP TABLE IF EXISTS `borrow_info`;
CREATE TABLE IF NOT EXISTS `borrow_info` (
  `id_borrow` int NOT NULL AUTO_INCREMENT,
  `startdate_borrow` date NOT NULL,
  `enddate_borrow` date NOT NULL,
  `isActive` tinyint(1) NOT NULL,
  PRIMARY KEY (`id_borrow`)
) ENGINE=InnoDB AUTO_INCREMENT=91 DEFAULT CHARSET=utf8mb4 COLLATE=utf8mb4_0900_ai_ci;

--
-- Déchargement des données de la table `borrow_info`
--

INSERT INTO `borrow_info` (`id_borrow`, `startdate_borrow`, `enddate_borrow`, `isActive`) VALUES
(1, '2020-12-25', '2021-01-04', 0),
(2, '2020-12-25', '2021-01-04', 0),
(3, '2020-12-25', '2021-01-04', 0),
(4, '2020-12-25', '2021-01-04', 0),
(5, '2020-12-25', '2021-01-04', 0),
(6, '2020-12-25', '2021-01-04', 0),
(7, '2020-12-25', '2021-01-04', 0),
(8, '2020-12-25', '2021-01-04', 0),
(9, '2020-12-25', '2021-01-04', 0),
(10, '2020-12-25', '2021-01-04', 0),
(11, '2020-12-25', '2021-01-04', 0),
(12, '2020-12-25', '2021-01-04', 0),
(13, '2020-12-25', '2021-01-04', 0),
(14, '2020-12-25', '2021-01-04', 0),
(15, '2020-12-25', '2021-01-04', 0),
(16, '2020-12-25', '2021-01-04', 0),
(17, '2020-12-25', '2021-01-04', 0),
(18, '2020-12-25', '2021-01-04', 0),
(19, '2020-12-25', '2021-01-04', 0),
(20, '2020-12-25', '2021-01-04', 0),
(21, '2020-12-25', '2021-01-04', 0),
(22, '2020-12-25', '2021-01-04', 0),
(23, '2020-12-25', '2021-01-04', 0),
(24, '2020-12-25', '2021-01-04', 0),
(25, '2020-12-25', '2021-01-04', 0),
(26, '2020-12-25', '2021-01-04', 0),
(27, '2020-12-25', '2021-01-04', 0),
(28, '2020-12-25', '2021-01-04', 0),
(29, '2020-12-25', '2021-01-04', 0),
(30, '2020-12-25', '2021-01-04', 0),
(31, '2020-12-26', '2021-01-04', 0),
(32, '2020-12-26', '2021-01-04', 0),
(33, '2020-12-26', '2020-12-31', 1),
(34, '2020-12-26', '2020-12-31', 1),
(35, '2020-12-26', '2020-12-31', 1),
(36, '2020-12-26', '2020-12-31', 1),
(37, '2020-12-26', '2020-12-31', 1),
(38, '2020-12-26', '2020-12-30', 1),
(39, '2020-12-26', '2020-12-30', 1),
(40, '2020-12-26', '2020-12-30', 1),
(41, '2020-12-26', '2020-12-30', 1),
(42, '2020-12-26', '2020-12-30', 1),
(43, '2020-12-26', '2020-12-30', 1),
(44, '2020-12-26', '2020-12-30', 1),
(45, '2020-12-26', '2020-12-30', 1),
(46, '2020-12-26', '2020-12-30', 1),
(47, '2020-12-26', '2020-12-30', 1),
(48, '2020-12-26', '2020-12-30', 1),
(49, '2020-12-26', '2020-12-30', 1),
(50, '2020-12-26', '2020-12-30', 1),
(51, '2020-12-26', '2020-12-30', 1),
(52, '2020-12-26', '2020-12-30', 1),
(53, '2020-12-26', '2020-12-30', 1),
(54, '2020-12-26', '2020-12-30', 1),
(55, '2020-12-26', '2020-12-30', 1),
(56, '2020-12-26', '2020-12-30', 1),
(57, '2020-12-26', '2020-12-30', 1),
(58, '2020-12-26', '2020-12-30', 1),
(59, '2020-12-26', '2020-12-30', 1),
(60, '2020-12-26', '2020-12-30', 1),
(61, '2020-12-26', '2020-12-30', 1),
(62, '2020-12-26', '2020-12-30', 1),
(63, '2020-12-26', '2020-12-30', 1),
(64, '2020-12-26', '2020-12-30', 1),
(65, '2020-12-26', '2020-12-30', 1),
(66, '2020-12-26', '2020-12-30', 1),
(67, '2020-12-26', '2020-12-30', 1),
(68, '2020-12-26', '2020-12-30', 1),
(69, '2020-12-26', '2020-12-30', 1),
(70, '2020-12-26', '2020-12-30', 1),
(71, '2020-12-26', '2020-12-29', 1),
(72, '2020-12-26', '2020-12-29', 1),
(73, '2020-12-26', '2020-12-29', 1),
(74, '2020-12-26', '2020-12-29', 1),
(75, '2020-12-26', '2020-12-29', 1),
(76, '2020-12-26', '2020-12-29', 1),
(77, '2020-12-26', '2020-12-29', 1),
(78, '2020-12-26', '2020-12-29', 1),
(79, '2020-12-26', '2020-12-29', 1),
(80, '2020-12-26', '2020-12-29', 1),
(81, '2020-12-26', '2020-12-28', 1),
(82, '2020-12-26', '2020-12-28', 1),
(83, '2020-12-26', '2020-12-28', 1),
(84, '2020-12-26', '2020-12-28', 1),
(85, '2020-12-26', '2020-12-28', 1),
(86, '2020-12-26', '2020-12-28', 1),
(87, '2020-12-26', '2021-01-04', 0),
(88, '2020-12-26', '2021-01-04', 0),
(89, '2020-12-26', '2020-12-28', 1),
(90, '2020-12-26', '2021-01-04', 0);

-- --------------------------------------------------------

--
-- Structure de la table `device`
--

DROP TABLE IF EXISTS `device`;
CREATE TABLE IF NOT EXISTS `device` (
  `id_device` int NOT NULL AUTO_INCREMENT,
  `isAvailable` tinyint(1) NOT NULL,
  `ref_equip` varchar(5) NOT NULL,
  PRIMARY KEY (`id_device`),
  KEY `device_equipment_FK` (`ref_equip`)
) ENGINE=InnoDB AUTO_INCREMENT=815 DEFAULT CHARSET=utf8mb4 COLLATE=utf8mb4_0900_ai_ci;

--
-- Déchargement des données de la table `device`
--

INSERT INTO `device` (`id_device`, `isAvailable`, `ref_equip`) VALUES
(27, 1, 'XX578'),
(28, 1, 'XX578'),
(29, 1, 'XX578'),
(30, 1, 'XX578'),
(31, 1, 'XX578'),
(32, 1, 'XX578'),
(33, 1, 'XX578'),
(34, 1, 'XX578'),
(35, 1, 'XX578'),
(36, 1, 'XX578'),
(37, 1, 'XX578'),
(38, 1, 'XX578'),
(39, 1, 'XX578'),
(40, 1, 'XX578'),
(41, 1, 'XX578'),
(42, 1, 'XX578'),
(43, 1, 'XX578'),
(44, 1, 'XX578'),
(45, 1, 'XX578'),
(46, 1, 'XX578'),
(47, 1, 'XX578'),
(48, 1, 'XX578'),
(49, 1, 'XX578'),
(50, 1, 'XX578'),
(51, 1, 'XX578'),
(52, 1, 'XX578'),
(53, 1, 'XX578'),
(54, 1, 'XX578'),
(55, 1, 'XX578'),
(56, 1, 'XX578'),
(151, 1, 'XX578'),
(152, 1, 'XX578'),
(153, 0, 'XX578'),
(154, 0, 'XX578'),
(155, 0, 'XX578'),
(156, 0, 'XX578'),
(157, 0, 'XX578'),
(158, 0, 'XX578'),
(159, 0, 'XX578'),
(160, 0, 'XX578'),
(161, 0, 'XX578'),
(162, 0, 'XX578'),
(163, 0, 'XX578'),
(164, 0, 'XX578'),
(165, 0, 'XX578'),
(166, 0, 'XX578'),
(167, 0, 'XX578'),
(168, 0, 'XX578'),
(169, 0, 'XX578'),
(170, 0, 'XX578'),
(171, 0, 'XX578'),
(172, 0, 'XX578'),
(173, 0, 'XX578'),
(174, 0, 'XX578'),
(175, 0, 'XX578'),
(176, 0, 'XX578'),
(177, 0, 'XX578'),
(178, 0, 'XX578'),
(179, 0, 'XX578'),
(180, 0, 'XX578'),
(181, 0, 'XX578'),
(182, 0, 'XX578'),
(183, 0, 'XX578'),
(184, 0, 'XX578'),
(185, 0, 'XX578'),
(186, 0, 'XX578'),
(187, 0, 'XX578'),
(188, 0, 'XX578'),
(189, 0, 'XX578'),
(190, 0, 'XX578'),
(191, 0, 'XX578'),
(192, 0, 'XX578'),
(193, 0, 'XX578'),
(194, 0, 'XX578'),
(195, 0, 'XX578'),
(196, 0, 'XX578'),
(197, 0, 'XX578'),
(198, 0, 'XX578'),
(199, 0, 'XX578'),
(200, 0, 'XX578'),
(201, 0, 'XX578'),
(202, 0, 'XX578'),
(203, 0, 'XX578'),
(204, 0, 'XX578'),
(205, 0, 'XX578'),
(206, 0, 'XX578'),
(207, 1, 'XX578'),
(208, 1, 'XX578'),
(209, 0, 'XX578'),
(210, 1, 'XX578'),
(261, 1, 'XX578'),
(262, 1, 'XX578'),
(263, 1, 'XX578'),
(264, 1, 'XX578'),
(265, 1, 'XX578'),
(266, 1, 'XX578'),
(267, 1, 'XX578'),
(268, 1, 'XX578'),
(269, 1, 'XX578'),
(270, 1, 'XX578'),
(271, 1, 'XX578'),
(272, 1, 'XX578'),
(273, 1, 'XX578'),
(274, 1, 'XX578'),
(275, 1, 'XX578'),
(276, 1, 'XX578'),
(277, 1, 'XX578'),
(278, 1, 'XX578'),
(279, 1, 'XX578'),
(280, 1, 'XX578'),
(281, 1, 'XX111'),
(282, 1, 'XX111'),
(283, 1, 'XX111'),
(284, 1, 'XX111'),
(285, 1, 'XX999'),
(286, 1, 'XX999'),
(287, 1, 'XX999'),
(288, 1, 'XX999'),
(289, 1, 'XX999'),
(290, 1, 'XX999'),
(291, 1, 'XX999'),
(292, 1, 'XX999'),
(293, 1, 'XX999'),
(294, 1, 'XX999'),
(295, 1, 'XX125'),
(296, 1, 'XX125'),
(297, 1, 'XX125'),
(298, 1, 'XX125'),
(299, 1, 'XX125'),
(310, 1, 'XX564'),
(311, 1, 'XX568'),
(312, 1, 'XX426'),
(313, 1, 'XX426'),
(314, 1, 'XX426'),
(315, 1, 'XX426'),
(316, 1, 'XX426'),
(317, 1, 'XX426'),
(318, 1, 'XX426'),
(319, 1, 'XX422'),
(320, 1, 'XX422'),
(321, 1, 'XX422'),
(322, 1, 'XX422'),
(323, 1, 'XX422'),
(324, 1, 'XX422'),
(325, 1, 'XX422'),
(326, 1, 'XX421'),
(327, 1, 'XX421'),
(328, 1, 'XX421'),
(329, 1, 'XX421'),
(330, 1, 'XX421'),
(331, 1, 'XX421'),
(332, 1, 'XX421'),
(333, 1, 'AP154'),
(334, 1, 'AP154'),
(335, 1, 'AP154'),
(336, 1, 'AP154'),
(337, 1, 'AP154'),
(338, 1, 'AP154'),
(339, 1, 'AP154'),
(340, 1, 'AP154'),
(341, 1, 'XX587'),
(342, 1, 'XX587'),
(343, 1, 'XX587'),
(344, 1, 'XX587'),
(345, 1, 'XX587'),
(346, 1, 'XX587'),
(347, 1, 'XX587'),
(348, 1, 'XX587'),
(349, 1, 'XX587'),
(350, 1, 'XX587'),
(351, 1, 'XX584'),
(352, 1, 'XX584'),
(353, 1, 'XX584'),
(354, 1, 'XX584'),
(355, 1, 'XX584'),
(356, 1, 'XX584'),
(357, 1, 'XX584'),
(358, 1, 'XX584'),
(359, 1, 'XX584'),
(360, 1, 'XX584'),
(361, 1, 'XX654'),
(362, 1, 'XX654'),
(363, 1, 'XX654'),
(364, 1, 'XX654'),
(365, 1, 'XX654'),
(366, 1, 'XX654'),
(367, 1, 'XX654'),
(368, 1, 'XX879'),
(369, 1, 'XX879'),
(370, 1, 'XX879'),
(371, 1, 'XX879'),
(372, 1, 'XX879'),
(373, 1, 'XX879'),
(374, 1, 'XX879'),
(375, 1, 'XX871'),
(376, 1, 'XX871'),
(377, 1, 'XX871'),
(378, 1, 'XX871'),
(379, 1, 'XX871'),
(380, 1, 'XX871'),
(381, 1, 'XX871'),
(382, 1, 'XX876'),
(383, 1, 'XX876'),
(384, 1, 'XX876'),
(385, 1, 'XX876'),
(386, 1, 'XX870'),
(387, 1, 'XX870'),
(388, 1, 'XX870'),
(389, 1, 'XX870'),
(390, 1, 'XX870'),
(391, 1, 'XX870'),
(392, 1, 'XX870'),
(393, 1, 'XX870'),
(394, 1, 'XX870'),
(395, 1, 'XX870'),
(396, 1, 'XX870'),
(397, 1, 'XX870'),
(398, 1, 'XX870'),
(399, 1, 'XX870'),
(400, 1, 'XX864'),
(401, 1, 'XX864'),
(402, 1, 'XX864'),
(403, 1, 'XX864'),
(404, 1, 'XX864'),
(405, 1, 'XX864'),
(406, 1, 'XX864'),
(407, 1, 'XX864'),
(408, 1, 'XX864'),
(409, 1, 'XX864'),
(410, 1, 'XX864'),
(411, 1, 'XX864'),
(412, 1, 'XX864'),
(413, 1, 'XX864'),
(414, 1, 'XX467'),
(415, 1, 'XX467'),
(416, 1, 'XX467'),
(417, 1, 'XX467'),
(418, 1, 'XX467'),
(419, 1, 'XX467'),
(420, 1, 'XX467'),
(421, 1, 'XX467'),
(422, 1, 'XX467'),
(423, 1, 'XX467'),
(424, 1, 'XX467'),
(425, 1, 'XX467'),
(426, 1, 'XX467'),
(427, 1, 'XX467'),
(428, 1, 'XX862'),
(429, 1, 'XX862'),
(430, 1, 'XX862'),
(431, 1, 'XX862'),
(432, 1, 'XX862'),
(433, 1, 'XX862'),
(434, 1, 'XX862'),
(435, 1, 'XX862'),
(436, 1, 'XX862'),
(437, 1, 'XX862'),
(438, 1, 'XX862'),
(439, 1, 'XX862'),
(440, 1, 'XX862'),
(441, 1, 'XX862'),
(442, 1, 'XX848'),
(443, 1, 'XX848'),
(444, 1, 'XX848'),
(445, 1, 'XX848'),
(446, 1, 'XX848'),
(447, 1, 'XX848'),
(448, 1, 'XX848'),
(449, 1, 'XX848'),
(450, 1, 'XX848'),
(451, 1, 'XX848'),
(452, 1, 'XX848'),
(453, 1, 'XX848'),
(454, 1, 'XX848'),
(455, 1, 'XX848'),
(456, 1, 'XX844'),
(457, 1, 'XX844'),
(458, 1, 'XX844'),
(459, 1, 'XX844'),
(460, 1, 'XX844'),
(461, 1, 'XX844'),
(462, 1, 'XX844'),
(463, 1, 'XX844'),
(464, 1, 'XX844'),
(465, 1, 'XX844'),
(466, 1, 'XX844'),
(467, 1, 'XX844'),
(468, 1, 'XX844'),
(469, 1, 'XX844'),
(470, 1, 'XX445'),
(471, 1, 'XX445'),
(472, 1, 'XX445'),
(473, 1, 'XX445'),
(474, 1, 'XX445'),
(475, 1, 'XX445'),
(476, 1, 'XX445'),
(477, 1, 'XX445'),
(478, 1, 'XX445'),
(479, 1, 'XX445'),
(480, 1, 'XX445'),
(481, 1, 'XX445'),
(482, 1, 'XX445'),
(483, 1, 'XX445'),
(484, 1, 'XX148'),
(485, 1, 'XX148'),
(486, 1, 'XX148'),
(487, 1, 'XX148'),
(488, 1, 'XX148'),
(489, 1, 'XX148'),
(490, 1, 'XX148'),
(491, 1, 'XX148'),
(492, 1, 'XX148'),
(493, 1, 'XX148'),
(494, 1, 'XX148'),
(495, 1, 'XX148'),
(496, 1, 'XX148'),
(497, 1, 'XX148'),
(498, 1, 'XX187'),
(499, 1, 'XX187'),
(500, 1, 'XX187'),
(501, 1, 'XX187'),
(502, 1, 'XX187'),
(503, 1, 'XX187'),
(504, 1, 'XX187'),
(505, 1, 'XX187'),
(506, 1, 'XX187'),
(507, 1, 'XX187'),
(508, 1, 'XX187'),
(509, 1, 'XX187'),
(510, 1, 'XX187'),
(511, 1, 'XX187'),
(512, 1, 'XX181'),
(513, 1, 'XX181'),
(514, 1, 'XX181'),
(515, 1, 'XX181'),
(516, 1, 'XX181'),
(517, 1, 'XX181'),
(518, 1, 'XX181'),
(519, 1, 'XX181'),
(520, 1, 'XX181'),
(521, 1, 'XX181'),
(522, 1, 'XX181'),
(523, 1, 'XX181'),
(524, 1, 'XX181'),
(525, 1, 'XX181'),
(526, 1, 'XX182'),
(527, 1, 'XX182'),
(528, 1, 'XX182'),
(529, 1, 'XX182'),
(530, 1, 'XX182'),
(531, 1, 'XX182'),
(532, 1, 'XX182'),
(533, 1, 'XX182'),
(534, 1, 'XX182'),
(535, 1, 'XX182'),
(536, 1, 'XX182'),
(537, 1, 'XX182'),
(538, 1, 'XX182'),
(539, 1, 'XX182'),
(540, 1, 'XX110'),
(541, 1, 'XX110'),
(542, 1, 'XX110'),
(543, 1, 'XX110'),
(544, 1, 'XX110'),
(545, 1, 'XX110'),
(546, 1, 'XX110'),
(547, 1, 'XX110'),
(548, 1, 'XX110'),
(549, 1, 'XX110'),
(550, 1, 'XX110'),
(551, 1, 'XX110'),
(552, 1, 'XX110'),
(553, 1, 'XX110'),
(554, 1, 'XX112'),
(555, 1, 'XX112'),
(556, 1, 'XX112'),
(557, 1, 'XX112'),
(558, 1, 'XX112'),
(559, 1, 'XX112'),
(560, 1, 'XX112'),
(561, 1, 'XX112'),
(562, 1, 'XX112'),
(563, 1, 'XX112'),
(564, 1, 'XX112'),
(565, 1, 'XX112'),
(566, 1, 'XX112'),
(567, 1, 'XX112'),
(568, 1, 'XX114'),
(569, 1, 'XX114'),
(570, 1, 'XX114'),
(571, 1, 'XX114'),
(572, 1, 'XX114'),
(573, 1, 'XX114'),
(574, 1, 'XX114'),
(575, 1, 'XX114'),
(576, 1, 'XX114'),
(577, 1, 'XX114'),
(578, 1, 'XX114'),
(579, 1, 'XX114'),
(580, 1, 'XX114'),
(581, 1, 'XX114'),
(582, 1, 'XX120'),
(583, 1, 'XX120'),
(584, 1, 'XX120'),
(585, 1, 'XX120'),
(586, 1, 'XX120'),
(587, 1, 'XX120'),
(588, 1, 'XX120'),
(589, 1, 'XX120'),
(590, 1, 'XX120'),
(591, 1, 'XX120'),
(592, 1, 'XX120'),
(593, 1, 'XX120'),
(594, 1, 'XX120'),
(595, 1, 'XX120'),
(596, 1, 'XX123'),
(597, 1, 'XX123'),
(598, 1, 'XX123'),
(599, 1, 'XX123'),
(600, 1, 'XX123'),
(601, 1, 'XX123'),
(602, 1, 'XX123'),
(603, 1, 'XX123'),
(604, 1, 'XX123'),
(605, 1, 'XX123'),
(606, 1, 'XX123'),
(607, 1, 'XX123'),
(608, 1, 'XX123'),
(609, 1, 'XX123'),
(610, 1, 'XX124'),
(611, 1, 'XX124'),
(612, 1, 'XX124'),
(613, 1, 'XX124'),
(614, 1, 'XX124'),
(615, 1, 'XX124'),
(616, 1, 'XX124'),
(617, 1, 'XX124'),
(618, 1, 'XX124'),
(619, 1, 'XX124'),
(620, 1, 'XX124'),
(621, 1, 'XX124'),
(622, 1, 'XX124'),
(623, 1, 'XX124'),
(624, 1, 'XX140'),
(625, 1, 'XX140'),
(626, 1, 'XX140'),
(627, 1, 'XX140'),
(628, 1, 'XX140'),
(629, 1, 'XX140'),
(630, 1, 'XX140'),
(631, 1, 'XX140'),
(632, 1, 'XX140'),
(633, 1, 'XX140'),
(634, 1, 'XX140'),
(635, 1, 'XX140'),
(636, 1, 'XX140'),
(637, 1, 'XX140'),
(638, 1, 'XX142'),
(639, 1, 'XX142'),
(640, 1, 'XX142'),
(641, 1, 'XX142'),
(642, 1, 'XX142'),
(643, 1, 'XX142'),
(644, 1, 'XX142'),
(645, 1, 'XX142'),
(646, 1, 'XX142'),
(647, 1, 'XX142'),
(648, 1, 'XX142'),
(649, 1, 'XX142'),
(650, 1, 'XX142'),
(651, 1, 'XX142'),
(652, 1, 'XX143'),
(653, 1, 'XX143'),
(654, 1, 'XX143'),
(655, 1, 'XX143'),
(656, 1, 'XX143'),
(657, 1, 'XX143'),
(658, 1, 'XX143'),
(659, 1, 'XX143'),
(660, 1, 'XX143'),
(661, 1, 'XX143'),
(662, 1, 'XX143'),
(663, 1, 'XX143'),
(664, 1, 'XX143'),
(665, 1, 'XX143'),
(666, 1, 'XX144'),
(667, 1, 'XX144'),
(668, 1, 'XX144'),
(669, 1, 'XX144'),
(670, 1, 'XX144'),
(671, 1, 'XX144'),
(672, 1, 'XX144'),
(673, 1, 'XX144'),
(674, 1, 'XX144'),
(675, 1, 'XX144'),
(676, 1, 'XX144'),
(677, 1, 'XX144'),
(678, 1, 'XX144'),
(679, 1, 'XX144'),
(680, 1, 'XX183'),
(681, 1, 'XX183'),
(682, 1, 'XX183'),
(683, 1, 'XX183'),
(684, 1, 'XX183'),
(685, 1, 'XX183'),
(686, 1, 'XX183'),
(687, 1, 'XX183'),
(688, 1, 'XX183'),
(689, 1, 'XX183'),
(690, 1, 'XX183'),
(691, 1, 'XX183'),
(692, 1, 'XX183'),
(693, 1, 'XX183'),
(694, 1, 'XX184'),
(695, 1, 'XX184'),
(696, 1, 'XX184'),
(697, 1, 'XX184'),
(698, 1, 'XX184'),
(699, 1, 'XX184'),
(700, 1, 'XX184'),
(701, 1, 'XX184'),
(702, 1, 'XX184'),
(703, 1, 'XX184'),
(704, 1, 'XX184'),
(705, 1, 'XX184'),
(706, 1, 'XX184'),
(707, 1, 'XX184'),
(708, 1, 'XX705'),
(709, 1, 'XX705'),
(710, 1, 'XX705'),
(711, 1, 'XX706'),
(712, 1, 'XX706'),
(713, 1, 'XX706'),
(714, 1, 'XX708'),
(715, 1, 'XX708'),
(716, 1, 'XX708'),
(717, 1, 'XX709'),
(718, 1, 'XX709'),
(719, 1, 'XX709'),
(720, 1, 'XX709'),
(721, 1, 'XX710'),
(722, 1, 'XX710'),
(723, 1, 'XX710'),
(724, 1, 'XX710'),
(725, 1, 'XX711'),
(726, 1, 'XX711'),
(727, 1, 'XX711'),
(728, 1, 'XX711'),
(729, 1, 'XX712'),
(730, 1, 'XX712'),
(731, 1, 'XX712'),
(732, 1, 'XX712'),
(733, 1, 'XX713'),
(734, 1, 'XX713'),
(735, 1, 'XX713'),
(736, 1, 'XX713'),
(737, 1, 'XX714'),
(738, 1, 'XX714'),
(739, 1, 'XX714'),
(740, 1, 'XX714'),
(741, 1, 'XX715'),
(742, 1, 'XX715'),
(743, 1, 'XX715'),
(744, 1, 'XX715'),
(745, 1, 'XX716'),
(746, 1, 'XX716'),
(747, 1, 'XX716'),
(748, 1, 'XX716'),
(749, 1, 'XX717'),
(750, 1, 'XX717'),
(751, 1, 'XX717'),
(752, 1, 'XX717'),
(753, 1, 'XX718'),
(754, 1, 'XX718'),
(755, 1, 'XX718'),
(756, 1, 'XX718'),
(757, 1, 'XX719'),
(758, 1, 'XX719'),
(759, 1, 'XX719'),
(760, 1, 'XX719'),
(761, 1, 'XX720'),
(762, 1, 'XX720'),
(763, 1, 'XX720'),
(764, 1, 'XX720'),
(765, 1, 'XX721'),
(766, 1, 'XX721'),
(767, 1, 'XX721'),
(768, 1, 'XX721'),
(769, 1, 'XX722'),
(770, 1, 'XX722'),
(771, 1, 'XX722'),
(772, 1, 'XX722'),
(773, 1, 'XX723'),
(774, 1, 'XX723'),
(775, 1, 'XX723'),
(776, 1, 'XX723'),
(777, 1, 'XX548'),
(778, 1, 'XX548'),
(779, 1, 'XX548'),
(780, 1, 'XX548'),
(781, 1, 'XX548'),
(782, 1, 'XX548'),
(783, 1, 'XX548'),
(784, 1, 'XX548'),
(785, 1, 'XX548'),
(786, 1, 'XX548'),
(787, 1, 'XX548'),
(788, 1, 'XX548'),
(789, 1, 'XX548'),
(790, 1, 'XX548'),
(791, 1, 'XX549'),
(792, 1, 'XX549'),
(793, 1, 'XX549'),
(794, 1, 'XX549'),
(795, 1, 'XX549'),
(796, 1, 'XX549'),
(797, 1, 'XX549'),
(798, 1, 'XX549'),
(799, 1, 'XX549'),
(800, 1, 'XX549'),
(801, 1, 'XX549'),
(802, 1, 'XX549'),
(803, 1, 'XX549'),
(804, 1, 'XX549'),
(805, 1, 'XX578'),
(806, 1, 'XX578'),
(807, 1, 'XX578'),
(808, 1, 'XX578'),
(809, 1, 'XX578'),
(810, 1, 'XX578'),
(811, 1, 'XX578'),
(812, 1, 'XX578'),
(813, 1, 'XX578'),
(814, 1, 'XX578');

-- --------------------------------------------------------

--
-- Structure de la table `equipment`
--

DROP TABLE IF EXISTS `equipment`;
CREATE TABLE IF NOT EXISTS `equipment` (
  `ref_equip` varchar(5) NOT NULL,
  `type_equip` varchar(30) NOT NULL,
  `brand_equip` varchar(30) NOT NULL,
  `name_equip` varchar(30) NOT NULL,
  `version_equip` varchar(15) NOT NULL,
  PRIMARY KEY (`ref_equip`)
) ENGINE=InnoDB DEFAULT CHARSET=utf8mb4 COLLATE=utf8mb4_0900_ai_ci;

--
-- Déchargement des données de la table `equipment`
--

INSERT INTO `equipment` (`ref_equip`, `type_equip`, `brand_equip`, `name_equip`, `version_equip`) VALUES
('AP154', 'Laptop', 'Apple', 'Macbook Air', '1.0'),
('XX110', 'Meuble', 'IKEA', 'Table', 'ROUGE'),
('XX111', 'smartphone', 'Samsung', 'GalaxyS10', 'PLUS'),
('XX112', 'Meuble', 'IKEA', 'Table', 'ROUGE'),
('XX114', 'Meuble', 'IKEA', 'Table', 'ROUGE'),
('XX120', 'Meuble', 'IKEA', 'Table', 'ROUGE'),
('XX123', 'Meuble', 'IKEA', 'Table', 'ROUGE'),
('XX124', 'Meuble', 'IKEA', 'Table', 'ROUGE'),
('XX125', 'Tablette.', 'Microsoft-.', 'Surface-Pro.', '13p-.'),
('XX126', 'Tablette', 'Microsoft', 'Surface Pro', '15p'),
('XX140', 'Meuble', 'IKEA', 'Table', 'ROUGE'),
('XX142', 'Meuble', 'IKEA', 'Table', 'ROUGE'),
('XX143', 'Meuble', 'IKEA', 'Table', 'ROUGE'),
('XX144', 'Meuble', 'IKEA', 'Table', 'ROUGE'),
('XX148', 'Meuble', 'IKEA', 'Table', 'ROUGE'),
('XX181', 'Meuble', 'IKEA', 'Table', 'ROUGE'),
('XX182', 'Meuble', 'IKEA', 'Table', 'ROUGE'),
('XX183', 'Meuble', 'IKEA', 'Table', 'ROUGE'),
('XX184', 'Meuble', 'IKEA', 'Table', 'ROUGE'),
('XX187', 'Meuble', 'IKEA', 'Table', 'ROUGE'),
('XX421', 'Souris', 'Razer', 'DeathAdder', '1.0'),
('XX422', 'ConsoleNextGen', 'Razer', 'DeathAdder', '1.0'),
('XX426', 'Mouse', 'Razer', 'DeathAdder', '1.0'),
('XX445', 'Meuble', 'IKEA', 'Table', 'ROUGE'),
('XX467', 'Meuble', 'IKEA', 'Table', 'ROUGE'),
('XX548', 'Meuble', 'IKEA', 'Table', 'ROUGE'),
('XX549', 'Meuble', 'IKEA', 'Table', 'ROUG'),
('XX564', 'Console', 'Sony', 'PS5 pro', 'FAT'),
('XX568', 'Console', 'Sony', 'PS5 pro', 'FAT'),
('XX578', 'Console', 'Sony', 'PlayStation 5', '1.0'),
('XX584', 'Voiture', 'Ford', 'Fiesta', '2019'),
('XX587', 'Voiture', 'Ford', 'Fiesta', '2018'),
('XX654', 'Meuble', 'IKEA', 'Canape', 'noire'),
('XX705', 'Meuble', 'IKEA', 'CANAPE', '5.5'),
('XX706', 'Meuble', 'IKEA', 'CANAPE', '5.5'),
('XX708', 'Meuble', 'IKEA', 'CANAPE', '5.5'),
('XX709', 'Meuble', 'IKEA', 'CANAPE', '5.5'),
('XX710', 'Meuble', 'IKEA', 'CANAPE', '5.5'),
('XX711', 'Meuble', 'IKEA', 'CANAPE', '5.5'),
('XX712', 'Meuble', 'IKEA', 'CANAPE', '5.5'),
('XX713', 'Meuble', 'IKEA', 'CANAPE', '5.5'),
('XX714', 'Meuble', 'IKEA', 'CANAPE', '5.5'),
('XX715', 'Meuble', 'IKEA', 'CANAPE', '5.5'),
('XX716', 'Meuble', 'IKEA', 'CANAPE', '5.5'),
('XX717', 'Meuble', 'IKEA', 'CANAPE', '5.5'),
('XX718', 'Meuble', 'IKEA', 'CANAPE', '5.5'),
('XX719', 'Meuble', 'IKEA', 'CANAPE', '5.5'),
('XX720', 'Meuble', 'IKEA', 'CANAPE', '5.5'),
('XX721', 'Meuble', 'IKEA', 'CANAPE', '5.5'),
('XX722', 'Meuble', 'IKEA', 'CANAPE', '5.5'),
('XX723', 'Meuble', 'IKEA', 'CANAPE', '5.5'),
('XX844', 'Meuble', 'IKEA', 'Table', 'ROUGE'),
('XX848', 'Meuble', 'IKEA', 'Table', 'ROUGE'),
('XX862', 'Meuble', 'IKEA', 'Table', 'ROUGE'),
('XX864', 'Meuble', 'IKEA', 'Table', 'ROUGE'),
('XX870', 'Meuble', 'IKEA', 'Table', 'ROUGE'),
('XX871', 'Meuble', 'IKEA', 'Table', 'Blanche'),
('XX876', 'Meuble', 'IKEA', 'Table', 'ROUGE'),
('XX879', 'Meuble', 'IKEA', 'Table', 'Blanche'),
('XX999', 'Laptop', 'Dell', 'Inspiron 7577', 'GTX1060 15p');

-- --------------------------------------------------------

--
-- Structure de la table `stock_photo`
--

DROP TABLE IF EXISTS `stock_photo`;
CREATE TABLE IF NOT EXISTS `stock_photo` (
  `link_photo` varchar(700) CHARACTER SET utf8mb4 COLLATE utf8mb4_0900_ai_ci NOT NULL,
  `ref_equip` varchar(5) NOT NULL,
  PRIMARY KEY (`link_photo`),
  KEY `stock_photo_equipment_FK` (`ref_equip`)
) ENGINE=InnoDB DEFAULT CHARSET=utf8mb4 COLLATE=utf8mb4_0900_ai_ci;

--
-- Déchargement des données de la table `stock_photo`
--

INSERT INTO `stock_photo` (`link_photo`, `ref_equip`) VALUES
('assets/images/Meuble/ps5(0).jpg', 'XX549'),
('assets/images/Meuble/ty', 'XX716'),
('assets/images/Meuble/tyelyecharger.jpeg', 'XX717'),
('assets/images/Meuble/ty-ly-charger.jpeg', 'XX718'),
('assets/images/Meuble/tulucharger.jpeg', 'XX719'),
('assets/images/Meuble/telecharger.jpeg', 'XX720'),
('assets/images/Meuble/telecharger(0).jpeg', 'XX721'),
('assets/images/Meuble/ps5.jpgg', 'XX722'),
('assets/images/Meuble/telecharger(1).jpeg', 'XX723');

-- --------------------------------------------------------

--
-- Structure de la table `users`
--

DROP TABLE IF EXISTS `users`;
CREATE TABLE IF NOT EXISTS `users` (
  `id_user` int NOT NULL AUTO_INCREMENT,
  `matricule_user` varchar(50) NOT NULL,
  `email_user` varchar(50) NOT NULL,
  `password_user` varchar(50) NOT NULL,
  `name_user` varchar(30) NOT NULL,
  `lastname_user` varchar(30) NOT NULL,
  `phone_user` varchar(13) DEFAULT NULL,
  `isAdmin_user` tinyint(1) NOT NULL,
  PRIMARY KEY (`id_user`)
) ENGINE=InnoDB AUTO_INCREMENT=3 DEFAULT CHARSET=utf8mb4 COLLATE=utf8mb4_0900_ai_ci;

--
-- Déchargement des données de la table `users`
--

INSERT INTO `users` (`id_user`, `matricule_user`, `email_user`, `password_user`, `name_user`, `lastname_user`, `phone_user`, `isAdmin_user`) VALUES
(2, 'admin12', 'adad@adad.ad', 'd033e22ae348aeb5660fc2140aec35850c4da997', 'adminName', 'adminnLastName', NULL, 1);

--
-- Contraintes pour les tables déchargées
--

--
-- Contraintes pour la table `borrow`
--
ALTER TABLE `borrow`
  ADD CONSTRAINT `borrow_borrow_info1_FK` FOREIGN KEY (`id_borrow`) REFERENCES `borrow_info` (`id_borrow`),
  ADD CONSTRAINT `borrow_device0_FK` FOREIGN KEY (`id_device`) REFERENCES `device` (`id_device`),
  ADD CONSTRAINT `borrow_users_FK` FOREIGN KEY (`id_user`) REFERENCES `users` (`id_user`);

--
-- Contraintes pour la table `device`
--
ALTER TABLE `device`
  ADD CONSTRAINT `device_equipment_FK` FOREIGN KEY (`ref_equip`) REFERENCES `equipment` (`ref_equip`) ON DELETE RESTRICT ON UPDATE CASCADE;

--
-- Contraintes pour la table `stock_photo`
--
ALTER TABLE `stock_photo`
  ADD CONSTRAINT `stock_photo_equipment_FK` FOREIGN KEY (`ref_equip`) REFERENCES `equipment` (`ref_equip`) ON DELETE RESTRICT ON UPDATE CASCADE;
COMMIT;

/*!40101 SET CHARACTER_SET_CLIENT=@OLD_CHARACTER_SET_CLIENT */;
/*!40101 SET CHARACTER_SET_RESULTS=@OLD_CHARACTER_SET_RESULTS */;
/*!40101 SET COLLATION_CONNECTION=@OLD_COLLATION_CONNECTION */;
