-- phpMyAdmin SQL Dump
-- version 5.0.2
-- https://www.phpmyadmin.net/
--
-- Hôte : 127.0.0.1:3306
-- Généré le : jeu. 07 jan. 2021 à 16:57
-- Version du serveur :  8.0.21
-- Version de PHP : 7.3.21

SET SQL_MODE = "NO_AUTO_VALUE_ON_ZERO";
START TRANSACTION;
SET time_zone = "+00:00";


/*!40101 SET @OLD_CHARACTER_SET_CLIENT=@@CHARACTER_SET_CLIENT */;
/*!40101 SET @OLD_CHARACTER_SET_RESULTS=@@CHARACTER_SET_RESULTS */;
/*!40101 SET @OLD_COLLATION_CONNECTION=@@COLLATION_CONNECTION */;
/*!40101 SET NAMES utf8mb4 */;

--
-- Base de données : `bddprojet`
--

-- --------------------------------------------------------

--
-- Structure de la table `borrow`
--

DROP TABLE IF EXISTS `borrow`;
CREATE TABLE IF NOT EXISTS `borrow` (
  `id_user` int NOT NULL,
  `id_device` int NOT NULL,
  `id_borrow` int NOT NULL,
  PRIMARY KEY (`id_user`,`id_device`,`id_borrow`),
  KEY `borrow_device0_FK` (`id_device`),
  KEY `borrow_borrow_info1_FK` (`id_borrow`)
) ENGINE=InnoDB DEFAULT CHARSET=utf8mb4 COLLATE=utf8mb4_0900_ai_ci;

--
-- Déchargement des données de la table `borrow`
--

INSERT INTO `borrow` (`id_user`, `id_device`, `id_borrow`) VALUES
(2, 27, 1),
(2, 28, 2),
(2, 29, 3),
(2, 30, 4),
(2, 31, 5),
(2, 32, 6),
(2, 33, 7),
(2, 34, 8),
(2, 35, 9),
(2, 36, 10),
(2, 37, 11),
(2, 38, 12),
(2, 39, 13),
(2, 40, 14),
(2, 41, 15),
(2, 42, 16),
(2, 43, 17),
(2, 44, 18),
(2, 45, 19),
(2, 46, 20),
(2, 47, 21),
(2, 48, 22),
(2, 49, 23),
(2, 50, 24),
(2, 51, 25),
(2, 52, 26),
(2, 53, 27),
(2, 54, 28),
(2, 55, 29),
(2, 56, 30),
(2, 151, 31),
(2, 152, 32),
(2, 153, 33),
(2, 154, 34),
(2, 155, 35),
(2, 156, 36),
(2, 157, 37),
(2, 158, 38),
(2, 159, 39),
(2, 160, 40),
(2, 161, 41),
(2, 162, 42),
(2, 163, 43),
(2, 164, 44),
(2, 165, 45),
(2, 166, 46),
(2, 167, 47),
(2, 168, 48),
(2, 169, 49),
(2, 170, 50),
(2, 171, 51),
(2, 172, 52),
(2, 173, 53),
(2, 174, 54),
(2, 175, 55),
(2, 176, 56),
(2, 177, 57),
(2, 178, 58),
(2, 179, 59),
(2, 180, 60),
(2, 181, 61),
(2, 182, 62),
(2, 183, 63),
(2, 184, 64),
(2, 185, 65),
(2, 186, 66),
(2, 187, 67),
(2, 188, 68),
(2, 189, 69),
(2, 190, 70),
(2, 191, 71),
(2, 192, 72),
(2, 193, 73),
(2, 194, 74),
(2, 195, 75),
(2, 196, 76),
(2, 197, 77),
(2, 198, 78),
(2, 199, 79),
(2, 200, 80),
(2, 201, 81),
(2, 202, 82),
(2, 203, 83),
(2, 204, 84),
(2, 205, 85),
(2, 206, 86),
(2, 207, 87),
(2, 208, 88),
(2, 209, 89),
(2, 210, 90),
(2, 281, 210),
(2, 282, 211),
(2, 283, 212),
(2, 284, 213),
(2, 310, 160),
(2, 311, 99),
(2, 312, 209),
(2, 319, 91),
(2, 320, 92),
(2, 321, 93),
(2, 322, 94),
(2, 323, 95),
(2, 324, 96),
(2, 325, 97),
(2, 540, 228),
(2, 541, 229),
(2, 542, 230),
(2, 543, 231),
(2, 544, 232),
(2, 545, 233),
(2, 546, 234),
(2, 554, 214),
(2, 555, 215),
(2, 556, 216),
(2, 557, 217),
(2, 558, 218),
(2, 559, 219),
(2, 560, 220),
(2, 561, 221),
(2, 562, 222),
(2, 563, 223),
(2, 564, 224),
(2, 565, 225),
(2, 566, 226),
(2, 567, 227),
(2, 815, 100),
(2, 816, 101),
(2, 817, 102),
(2, 818, 103),
(2, 819, 104),
(2, 820, 105),
(2, 821, 106),
(2, 822, 107),
(2, 823, 108),
(2, 824, 109),
(2, 825, 110),
(2, 826, 111),
(2, 827, 112),
(2, 828, 113),
(2, 829, 114),
(2, 830, 115),
(2, 831, 116),
(2, 832, 117),
(2, 833, 118),
(2, 834, 119),
(2, 835, 120),
(2, 836, 121),
(2, 837, 122),
(2, 838, 123),
(2, 839, 124),
(2, 840, 125),
(2, 841, 126),
(2, 842, 127),
(2, 843, 128),
(2, 844, 129),
(2, 845, 130),
(2, 846, 131),
(2, 847, 132),
(2, 848, 133),
(2, 849, 134),
(2, 850, 135),
(2, 851, 136),
(2, 852, 137),
(2, 853, 138),
(2, 854, 139),
(2, 855, 140),
(2, 856, 141),
(2, 857, 142),
(2, 858, 143),
(2, 859, 144),
(2, 860, 145),
(2, 861, 146),
(2, 862, 147),
(2, 863, 148),
(2, 864, 149),
(2, 865, 150),
(2, 866, 151),
(2, 867, 152),
(2, 868, 153),
(2, 869, 154),
(2, 870, 155),
(2, 871, 156),
(2, 872, 157),
(2, 873, 158),
(2, 874, 159),
(2, 876, 161),
(2, 877, 162),
(2, 878, 163),
(2, 879, 164),
(2, 880, 165),
(2, 881, 166),
(2, 882, 167),
(2, 883, 168),
(2, 884, 169),
(2, 885, 170),
(2, 886, 171),
(2, 887, 172),
(2, 888, 173),
(2, 889, 174),
(2, 890, 175),
(2, 891, 176),
(2, 892, 177),
(2, 893, 178),
(2, 894, 179),
(2, 895, 180),
(2, 896, 181),
(2, 897, 182),
(2, 898, 183),
(2, 899, 184),
(2, 900, 185),
(2, 901, 186),
(2, 902, 187),
(2, 903, 188),
(2, 904, 189),
(2, 905, 190),
(2, 906, 191),
(2, 907, 192),
(2, 908, 193),
(2, 909, 194),
(2, 910, 195),
(2, 911, 196),
(2, 912, 197),
(2, 913, 198),
(2, 914, 199),
(2, 915, 200),
(2, 916, 201),
(2, 917, 202),
(2, 918, 203),
(2, 919, 204),
(2, 920, 205),
(2, 921, 206),
(2, 922, 207),
(2, 923, 208);

-- --------------------------------------------------------

--
-- Structure de la table `borrow_info`
--

DROP TABLE IF EXISTS `borrow_info`;
CREATE TABLE IF NOT EXISTS `borrow_info` (
  `id_borrow` int NOT NULL AUTO_INCREMENT,
  `startdate_borrow` date NOT NULL,
  `enddate_borrow` date NOT NULL,
  `isActive` tinyint(1) NOT NULL,
  PRIMARY KEY (`id_borrow`)
) ENGINE=InnoDB AUTO_INCREMENT=235 DEFAULT CHARSET=utf8mb4 COLLATE=utf8mb4_0900_ai_ci;

--
-- Déchargement des données de la table `borrow_info`
--

INSERT INTO `borrow_info` (`id_borrow`, `startdate_borrow`, `enddate_borrow`, `isActive`) VALUES
(1, '2020-12-25', '2021-01-04', 0),
(2, '2020-12-25', '2021-01-04', 0),
(3, '2020-12-25', '2021-01-04', 0),
(4, '2020-12-25', '2021-01-04', 0),
(5, '2020-12-25', '2021-01-04', 0),
(6, '2020-12-25', '2021-01-04', 0),
(7, '2020-12-25', '2021-01-04', 0),
(8, '2020-12-25', '2021-01-04', 0),
(9, '2020-12-25', '2021-01-04', 0),
(10, '2020-12-25', '2021-01-04', 0),
(11, '2020-12-25', '2021-01-04', 0),
(12, '2020-12-25', '2021-01-04', 0),
(13, '2020-12-25', '2021-01-04', 0),
(14, '2020-12-25', '2021-01-04', 0),
(15, '2020-12-25', '2021-01-04', 0),
(16, '2020-12-25', '2021-01-04', 0),
(17, '2020-12-25', '2021-01-04', 0),
(18, '2020-12-25', '2021-01-04', 0),
(19, '2020-12-25', '2021-01-04', 0),
(20, '2020-12-25', '2021-01-04', 0),
(21, '2020-12-25', '2021-01-04', 0),
(22, '2020-12-25', '2021-01-04', 0),
(23, '2020-12-25', '2021-01-04', 0),
(24, '2020-12-25', '2021-01-04', 0),
(25, '2020-12-25', '2021-01-04', 0),
(26, '2020-12-25', '2021-01-04', 0),
(27, '2020-12-25', '2021-01-04', 0),
(28, '2020-12-25', '2021-01-04', 0),
(29, '2020-12-25', '2021-01-04', 0),
(30, '2020-12-25', '2021-01-04', 0),
(31, '2020-12-26', '2021-01-04', 0),
(32, '2020-12-26', '2021-01-04', 0),
(33, '2020-12-26', '2021-01-05', 0),
(34, '2020-12-26', '2021-01-05', 0),
(35, '2020-12-26', '2021-01-05', 0),
(36, '2020-12-26', '2021-01-05', 0),
(37, '2020-12-26', '2021-01-05', 0),
(38, '2020-12-26', '2021-01-05', 0),
(39, '2020-12-26', '2021-01-05', 0),
(40, '2020-12-26', '2021-01-05', 0),
(41, '2020-12-26', '2021-01-05', 0),
(42, '2020-12-26', '2021-01-05', 0),
(43, '2020-12-26', '2021-01-05', 0),
(44, '2020-12-26', '2021-01-05', 0),
(45, '2020-12-26', '2021-01-05', 0),
(46, '2020-12-26', '2021-01-05', 0),
(47, '2020-12-26', '2021-01-05', 0),
(48, '2020-12-26', '2021-01-05', 0),
(49, '2020-12-26', '2021-01-05', 0),
(50, '2020-12-26', '2021-01-05', 0),
(51, '2020-12-26', '2021-01-05', 0),
(52, '2020-12-26', '2021-01-05', 0),
(53, '2020-12-26', '2021-01-05', 0),
(54, '2020-12-26', '2021-01-05', 0),
(55, '2020-12-26', '2021-01-05', 0),
(56, '2020-12-26', '2021-01-05', 0),
(57, '2020-12-26', '2021-01-05', 0),
(58, '2020-12-26', '2021-01-05', 0),
(59, '2020-12-26', '2021-01-05', 0),
(60, '2020-12-26', '2021-01-05', 0),
(61, '2020-12-26', '2021-01-05', 0),
(62, '2020-12-26', '2021-01-05', 0),
(63, '2020-12-26', '2021-01-05', 0),
(64, '2020-12-26', '2021-01-05', 0),
(65, '2020-12-26', '2021-01-05', 0),
(66, '2020-12-26', '2021-01-05', 0),
(67, '2020-12-26', '2021-01-05', 0),
(68, '2020-12-26', '2021-01-05', 0),
(69, '2020-12-26', '2021-01-05', 0),
(70, '2020-12-26', '2021-01-05', 0),
(71, '2020-12-26', '2021-01-05', 0),
(72, '2020-12-26', '2021-01-05', 0),
(73, '2020-12-26', '2021-01-05', 0),
(74, '2020-12-26', '2021-01-05', 0),
(75, '2020-12-26', '2021-01-05', 0),
(76, '2020-12-26', '2021-01-05', 0),
(77, '2020-12-26', '2021-01-05', 0),
(78, '2020-12-26', '2021-01-05', 0),
(79, '2020-12-26', '2021-01-05', 0),
(80, '2020-12-26', '2021-01-05', 0),
(81, '2020-12-26', '2021-01-05', 0),
(82, '2020-12-26', '2021-01-05', 0),
(83, '2020-12-26', '2021-01-05', 0),
(84, '2020-12-26', '2021-01-05', 0),
(85, '2020-12-26', '2021-01-05', 0),
(86, '2020-12-26', '2021-01-05', 0),
(87, '2020-12-26', '2021-01-04', 0),
(88, '2020-12-26', '2021-01-04', 0),
(89, '2020-12-26', '2021-01-05', 0),
(90, '2020-12-26', '2021-01-04', 0),
(91, '2021-01-05', '2021-01-05', 0),
(92, '2021-01-05', '2021-01-05', 0),
(93, '2021-01-05', '2021-01-05', 0),
(94, '2021-01-05', '2021-01-05', 0),
(95, '2021-01-05', '2021-01-05', 0),
(96, '2021-01-05', '2021-01-05', 0),
(97, '2021-01-05', '2021-01-05', 0),
(99, '2021-01-05', '2021-01-05', 0),
(100, '2021-01-05', '2021-01-05', 0),
(101, '2021-01-05', '2021-01-05', 0),
(102, '2021-01-05', '2021-01-05', 0),
(103, '2021-01-05', '2021-01-05', 0),
(104, '2021-01-05', '2021-01-05', 0),
(105, '2021-01-05', '2021-01-05', 0),
(106, '2021-01-05', '2021-01-05', 0),
(107, '2021-01-05', '2021-01-05', 0),
(108, '2021-01-05', '2021-01-05', 0),
(109, '2021-01-05', '2021-01-05', 0),
(110, '2021-01-05', '2021-01-05', 0),
(111, '2021-01-05', '2021-01-05', 0),
(112, '2021-01-05', '2021-01-05', 0),
(113, '2021-01-05', '2021-01-05', 0),
(114, '2021-01-05', '2021-01-05', 0),
(115, '2021-01-05', '2021-01-05', 0),
(116, '2021-01-05', '2021-01-05', 0),
(117, '2021-01-05', '2021-01-05', 0),
(118, '2021-01-05', '2021-01-05', 0),
(119, '2021-01-05', '2021-01-05', 0),
(120, '2021-01-05', '2021-01-05', 0),
(121, '2021-01-05', '2021-01-05', 0),
(122, '2021-01-05', '2021-01-05', 0),
(123, '2021-01-05', '2021-01-05', 0),
(124, '2021-01-05', '2021-01-05', 0),
(125, '2021-01-05', '2021-01-05', 0),
(126, '2021-01-05', '2021-01-05', 0),
(127, '2021-01-05', '2021-01-05', 0),
(128, '2021-01-05', '2021-01-05', 0),
(129, '2021-01-05', '2021-01-05', 0),
(130, '2021-01-05', '2021-01-05', 0),
(131, '2021-01-05', '2021-01-05', 0),
(132, '2021-01-05', '2021-01-05', 0),
(133, '2021-01-05', '2021-01-05', 0),
(134, '2021-01-05', '2021-01-05', 0),
(135, '2021-01-05', '2021-01-05', 0),
(136, '2021-01-05', '2021-01-05', 0),
(137, '2021-01-05', '2021-01-05', 0),
(138, '2021-01-05', '2021-01-05', 0),
(139, '2021-01-05', '2021-01-05', 0),
(140, '2021-01-05', '2021-01-05', 0),
(141, '2021-01-05', '2021-01-05', 0),
(142, '2021-01-05', '2021-01-05', 0),
(143, '2021-01-05', '2021-01-05', 0),
(144, '2021-01-05', '2021-01-05', 0),
(145, '2021-01-05', '2021-01-05', 0),
(146, '2021-01-05', '2021-01-05', 0),
(147, '2021-01-05', '2021-01-05', 0),
(148, '2021-01-05', '2021-01-05', 0),
(149, '2021-01-05', '2021-01-05', 0),
(150, '2021-01-05', '2021-01-05', 0),
(151, '2021-01-05', '2021-01-05', 0),
(152, '2021-01-05', '2021-01-05', 0),
(153, '2021-01-05', '2021-01-05', 0),
(154, '2021-01-05', '2021-01-05', 0),
(155, '2021-01-05', '2021-01-05', 0),
(156, '2021-01-05', '2021-01-05', 0),
(157, '2021-01-05', '2021-01-05', 0),
(158, '2021-01-05', '2021-01-05', 0),
(159, '2021-01-05', '2021-01-05', 0),
(160, '2021-01-05', '2021-01-05', 0),
(161, '2021-01-05', '2021-01-05', 0),
(162, '2021-01-05', '2021-01-05', 0),
(163, '2021-01-05', '2021-01-05', 0),
(164, '2021-01-05', '2021-01-05', 0),
(165, '2021-01-05', '2021-01-05', 0),
(166, '2021-01-05', '2021-01-05', 0),
(167, '2021-01-05', '2021-01-05', 0),
(168, '2021-01-05', '2021-01-05', 0),
(169, '2021-01-05', '2021-01-05', 0),
(170, '2021-01-05', '2021-01-05', 0),
(171, '2021-01-05', '2021-01-05', 0),
(172, '2021-01-05', '2021-01-05', 0),
(173, '2021-01-05', '2021-01-05', 0),
(174, '2021-01-05', '2021-01-05', 0),
(175, '2021-01-05', '2021-01-05', 0),
(176, '2021-01-05', '2021-01-05', 0),
(177, '2021-01-05', '2021-01-05', 0),
(178, '2021-01-05', '2021-01-05', 0),
(179, '2021-01-05', '2021-01-05', 0),
(180, '2021-01-05', '2021-01-05', 0),
(181, '2021-01-05', '2021-01-05', 0),
(182, '2021-01-05', '2021-01-05', 0),
(183, '2021-01-05', '2021-01-05', 0),
(184, '2021-01-05', '2021-01-05', 0),
(185, '2021-01-05', '2021-01-05', 0),
(186, '2021-01-05', '2021-01-05', 0),
(187, '2021-01-05', '2021-01-05', 0),
(188, '2021-01-05', '2021-01-05', 0),
(189, '2021-01-05', '2021-01-05', 0),
(190, '2021-01-05', '2021-01-05', 0),
(191, '2021-01-05', '2021-01-05', 0),
(192, '2021-01-05', '2021-01-05', 0),
(193, '2021-01-05', '2021-01-05', 0),
(194, '2021-01-05', '2021-01-05', 0),
(195, '2021-01-05', '2021-01-05', 0),
(196, '2021-01-05', '2021-01-05', 0),
(197, '2021-01-05', '2021-01-05', 0),
(198, '2021-01-05', '2021-01-05', 0),
(199, '2021-01-05', '2021-01-05', 0),
(200, '2021-01-05', '2021-01-05', 0),
(201, '2021-01-05', '2021-01-05', 0),
(202, '2021-01-05', '2021-01-05', 0),
(203, '2021-01-05', '2021-01-05', 0),
(204, '2021-01-05', '2021-01-05', 0),
(205, '2021-01-05', '2021-01-05', 0),
(206, '2021-01-05', '2021-01-05', 0),
(207, '2021-01-05', '2021-01-05', 0),
(208, '2021-01-05', '2021-01-22', 1),
(209, '2021-01-06', '2021-01-02', 1),
(210, '2021-01-06', '2021-01-14', 1),
(211, '2021-01-06', '2021-01-14', 1),
(212, '2021-01-06', '2021-01-14', 1),
(213, '2021-01-06', '2021-01-14', 1),
(214, '2021-01-06', '2021-01-14', 1),
(215, '2021-01-06', '2021-01-15', 1),
(216, '2021-01-06', '2021-01-23', 1),
(217, '2021-01-06', '2021-01-23', 1),
(218, '2021-01-06', '2021-01-23', 1),
(219, '2021-01-06', '2021-01-23', 1),
(220, '2021-01-06', '2021-01-23', 1),
(221, '2021-01-06', '2021-01-23', 1),
(222, '2021-01-06', '2021-01-23', 1),
(223, '2021-01-06', '2021-01-23', 1),
(224, '2021-01-06', '2021-01-23', 1),
(225, '2021-01-06', '2021-01-23', 1),
(226, '2021-01-06', '2021-01-23', 1),
(227, '2021-01-06', '2021-01-23', 1),
(228, '2021-01-07', '2021-01-09', 1),
(229, '2021-01-07', '2021-01-09', 1),
(230, '2021-01-07', '2021-01-09', 1),
(231, '2021-01-07', '2021-01-09', 1),
(232, '2021-01-07', '2021-01-09', 1),
(233, '2021-01-07', '2021-01-09', 1),
(234, '2021-01-07', '2021-01-09', 1);

-- --------------------------------------------------------

--
-- Structure de la table `device`
--

DROP TABLE IF EXISTS `device`;
CREATE TABLE IF NOT EXISTS `device` (
  `id_device` int NOT NULL AUTO_INCREMENT,
  `isAvailable` tinyint(1) NOT NULL,
  `ref_equip` varchar(5) NOT NULL,
  PRIMARY KEY (`id_device`),
  KEY `device_equipment_FK` (`ref_equip`)
) ENGINE=InnoDB AUTO_INCREMENT=959 DEFAULT CHARSET=utf8mb4 COLLATE=utf8mb4_0900_ai_ci;

--
-- Déchargement des données de la table `device`
--

INSERT INTO `device` (`id_device`, `isAvailable`, `ref_equip`) VALUES
(27, 1, 'XX578'),
(28, 1, 'XX578'),
(29, 1, 'XX578'),
(30, 1, 'XX578'),
(31, 1, 'XX578'),
(32, 1, 'XX578'),
(33, 1, 'XX578'),
(34, 1, 'XX578'),
(35, 1, 'XX578'),
(36, 1, 'XX578'),
(37, 1, 'XX578'),
(38, 1, 'XX578'),
(39, 1, 'XX578'),
(40, 1, 'XX578'),
(41, 1, 'XX578'),
(42, 1, 'XX578'),
(43, 1, 'XX578'),
(44, 1, 'XX578'),
(45, 1, 'XX578'),
(46, 1, 'XX578'),
(47, 1, 'XX578'),
(48, 1, 'XX578'),
(49, 1, 'XX578'),
(50, 1, 'XX578'),
(51, 1, 'XX578'),
(52, 1, 'XX578'),
(53, 1, 'XX578'),
(54, 1, 'XX578'),
(55, 1, 'XX578'),
(56, 1, 'XX578'),
(151, 1, 'XX578'),
(152, 1, 'XX578'),
(153, 1, 'XX578'),
(154, 1, 'XX578'),
(155, 1, 'XX578'),
(156, 1, 'XX578'),
(157, 1, 'XX578'),
(158, 1, 'XX578'),
(159, 1, 'XX578'),
(160, 1, 'XX578'),
(161, 1, 'XX578'),
(162, 1, 'XX578'),
(163, 1, 'XX578'),
(164, 1, 'XX578'),
(165, 1, 'XX578'),
(166, 1, 'XX578'),
(167, 1, 'XX578'),
(168, 1, 'XX578'),
(169, 1, 'XX578'),
(170, 1, 'XX578'),
(171, 1, 'XX578'),
(172, 1, 'XX578'),
(173, 1, 'XX578'),
(174, 1, 'XX578'),
(175, 1, 'XX578'),
(176, 1, 'XX578'),
(177, 1, 'XX578'),
(178, 1, 'XX578'),
(179, 1, 'XX578'),
(180, 1, 'XX578'),
(181, 1, 'XX578'),
(182, 1, 'XX578'),
(183, 1, 'XX578'),
(184, 1, 'XX578'),
(185, 1, 'XX578'),
(186, 1, 'XX578'),
(187, 1, 'XX578'),
(188, 1, 'XX578'),
(189, 1, 'XX578'),
(190, 1, 'XX578'),
(191, 1, 'XX578'),
(192, 1, 'XX578'),
(193, 1, 'XX578'),
(194, 1, 'XX578'),
(195, 1, 'XX578'),
(196, 1, 'XX578'),
(197, 1, 'XX578'),
(198, 1, 'XX578'),
(199, 1, 'XX578'),
(200, 1, 'XX578'),
(201, 1, 'XX578'),
(202, 1, 'XX578'),
(203, 1, 'XX578'),
(204, 1, 'XX578'),
(205, 1, 'XX578'),
(206, 1, 'XX578'),
(207, 1, 'XX578'),
(208, 1, 'XX578'),
(209, 1, 'XX578'),
(210, 1, 'XX578'),
(261, 1, 'XX578'),
(262, 1, 'XX578'),
(263, 1, 'XX578'),
(264, 1, 'XX578'),
(265, 1, 'XX578'),
(266, 1, 'XX578'),
(267, 1, 'XX578'),
(268, 1, 'XX578'),
(269, 1, 'XX578'),
(270, 1, 'XX578'),
(271, 1, 'XX578'),
(272, 1, 'XX578'),
(273, 1, 'XX578'),
(274, 1, 'XX578'),
(275, 1, 'XX578'),
(276, 1, 'XX578'),
(277, 1, 'XX578'),
(278, 1, 'XX578'),
(279, 1, 'XX578'),
(280, 1, 'XX578'),
(281, 0, 'XX111'),
(282, 0, 'XX111'),
(283, 0, 'XX111'),
(284, 0, 'XX111'),
(285, 1, 'XX999'),
(286, 1, 'XX999'),
(287, 1, 'XX999'),
(288, 1, 'XX999'),
(289, 1, 'XX999'),
(290, 1, 'XX999'),
(291, 1, 'XX999'),
(292, 1, 'XX999'),
(293, 1, 'XX999'),
(294, 1, 'XX999'),
(295, 1, 'XX125'),
(296, 1, 'XX125'),
(297, 1, 'XX125'),
(298, 1, 'XX125'),
(299, 1, 'XX125'),
(310, 1, 'XX564'),
(311, 1, 'XX568'),
(312, 0, 'XX426'),
(313, 1, 'XX426'),
(314, 1, 'XX426'),
(315, 1, 'XX426'),
(316, 1, 'XX426'),
(317, 1, 'XX426'),
(318, 1, 'XX426'),
(319, 1, 'XX422'),
(320, 1, 'XX422'),
(321, 1, 'XX422'),
(322, 1, 'XX422'),
(323, 1, 'XX422'),
(324, 1, 'XX422'),
(325, 1, 'XX422'),
(326, 1, 'XX421'),
(327, 1, 'XX421'),
(328, 1, 'XX421'),
(329, 1, 'XX421'),
(330, 1, 'XX421'),
(331, 1, 'XX421'),
(332, 1, 'XX421'),
(333, 1, 'AP154'),
(334, 1, 'AP154'),
(335, 1, 'AP154'),
(336, 1, 'AP154'),
(337, 1, 'AP154'),
(338, 1, 'AP154'),
(339, 1, 'AP154'),
(340, 1, 'AP154'),
(341, 1, 'XX587'),
(342, 1, 'XX587'),
(343, 1, 'XX587'),
(344, 1, 'XX587'),
(345, 1, 'XX587'),
(346, 1, 'XX587'),
(347, 1, 'XX587'),
(348, 1, 'XX587'),
(349, 1, 'XX587'),
(350, 1, 'XX587'),
(351, 1, 'XX584'),
(352, 1, 'XX584'),
(353, 1, 'XX584'),
(354, 1, 'XX584'),
(355, 1, 'XX584'),
(356, 1, 'XX584'),
(357, 1, 'XX584'),
(358, 1, 'XX584'),
(359, 1, 'XX584'),
(360, 1, 'XX584'),
(361, 1, 'XX654'),
(362, 1, 'XX654'),
(363, 1, 'XX654'),
(364, 1, 'XX654'),
(365, 1, 'XX654'),
(366, 1, 'XX654'),
(367, 1, 'XX654'),
(368, 1, 'XX879'),
(369, 1, 'XX879'),
(370, 1, 'XX879'),
(371, 1, 'XX879'),
(372, 1, 'XX879'),
(373, 1, 'XX879'),
(374, 1, 'XX879'),
(375, 1, 'XX871'),
(376, 1, 'XX871'),
(377, 1, 'XX871'),
(378, 1, 'XX871'),
(379, 1, 'XX871'),
(380, 1, 'XX871'),
(381, 1, 'XX871'),
(382, 1, 'XX876'),
(383, 1, 'XX876'),
(384, 1, 'XX876'),
(385, 1, 'XX876'),
(386, 1, 'XX870'),
(387, 1, 'XX870'),
(388, 1, 'XX870'),
(389, 1, 'XX870'),
(390, 1, 'XX870'),
(391, 1, 'XX870'),
(392, 1, 'XX870'),
(393, 1, 'XX870'),
(394, 1, 'XX870'),
(395, 1, 'XX870'),
(396, 1, 'XX870'),
(397, 1, 'XX870'),
(398, 1, 'XX870'),
(399, 1, 'XX870'),
(400, 1, 'XX864'),
(401, 1, 'XX864'),
(402, 1, 'XX864'),
(403, 1, 'XX864'),
(404, 1, 'XX864'),
(405, 1, 'XX864'),
(406, 1, 'XX864'),
(407, 1, 'XX864'),
(408, 1, 'XX864'),
(409, 1, 'XX864'),
(410, 1, 'XX864'),
(411, 1, 'XX864'),
(412, 1, 'XX864'),
(413, 1, 'XX864'),
(414, 1, 'XX467'),
(415, 1, 'XX467'),
(416, 1, 'XX467'),
(417, 1, 'XX467'),
(418, 1, 'XX467'),
(419, 1, 'XX467'),
(420, 1, 'XX467'),
(421, 1, 'XX467'),
(422, 1, 'XX467'),
(423, 1, 'XX467'),
(424, 1, 'XX467'),
(425, 1, 'XX467'),
(426, 1, 'XX467'),
(427, 1, 'XX467'),
(428, 1, 'XX862'),
(429, 1, 'XX862'),
(430, 1, 'XX862'),
(431, 1, 'XX862'),
(432, 1, 'XX862'),
(433, 1, 'XX862'),
(434, 1, 'XX862'),
(435, 1, 'XX862'),
(436, 1, 'XX862'),
(437, 1, 'XX862'),
(438, 1, 'XX862'),
(439, 1, 'XX862'),
(440, 1, 'XX862'),
(441, 1, 'XX862'),
(442, 1, 'XX848'),
(443, 1, 'XX848'),
(444, 1, 'XX848'),
(445, 1, 'XX848'),
(446, 1, 'XX848'),
(447, 1, 'XX848'),
(448, 1, 'XX848'),
(449, 1, 'XX848'),
(450, 1, 'XX848'),
(451, 1, 'XX848'),
(452, 1, 'XX848'),
(453, 1, 'XX848'),
(454, 1, 'XX848'),
(455, 1, 'XX848'),
(456, 1, 'XX844'),
(457, 1, 'XX844'),
(458, 1, 'XX844'),
(459, 1, 'XX844'),
(460, 1, 'XX844'),
(461, 1, 'XX844'),
(462, 1, 'XX844'),
(463, 1, 'XX844'),
(464, 1, 'XX844'),
(465, 1, 'XX844'),
(466, 1, 'XX844'),
(467, 1, 'XX844'),
(468, 1, 'XX844'),
(469, 1, 'XX844'),
(470, 1, 'XX445'),
(471, 1, 'XX445'),
(472, 1, 'XX445'),
(473, 1, 'XX445'),
(474, 1, 'XX445'),
(475, 1, 'XX445'),
(476, 1, 'XX445'),
(477, 1, 'XX445'),
(478, 1, 'XX445'),
(479, 1, 'XX445'),
(480, 1, 'XX445'),
(481, 1, 'XX445'),
(482, 1, 'XX445'),
(483, 1, 'XX445'),
(484, 1, 'XX148'),
(485, 1, 'XX148'),
(486, 1, 'XX148'),
(487, 1, 'XX148'),
(488, 1, 'XX148'),
(489, 1, 'XX148'),
(490, 1, 'XX148'),
(491, 1, 'XX148'),
(492, 1, 'XX148'),
(493, 1, 'XX148'),
(494, 1, 'XX148'),
(495, 1, 'XX148'),
(496, 1, 'XX148'),
(497, 1, 'XX148'),
(498, 1, 'XX187'),
(499, 1, 'XX187'),
(500, 1, 'XX187'),
(501, 1, 'XX187'),
(502, 1, 'XX187'),
(503, 1, 'XX187'),
(504, 1, 'XX187'),
(505, 1, 'XX187'),
(506, 1, 'XX187'),
(507, 1, 'XX187'),
(508, 1, 'XX187'),
(509, 1, 'XX187'),
(510, 1, 'XX187'),
(511, 1, 'XX187'),
(512, 1, 'XX181'),
(513, 1, 'XX181'),
(514, 1, 'XX181'),
(515, 1, 'XX181'),
(516, 1, 'XX181'),
(517, 1, 'XX181'),
(518, 1, 'XX181'),
(519, 1, 'XX181'),
(520, 1, 'XX181'),
(521, 1, 'XX181'),
(522, 1, 'XX181'),
(523, 1, 'XX181'),
(524, 1, 'XX181'),
(525, 1, 'XX181'),
(526, 1, 'XX182'),
(527, 1, 'XX182'),
(528, 1, 'XX182'),
(529, 1, 'XX182'),
(530, 1, 'XX182'),
(531, 1, 'XX182'),
(532, 1, 'XX182'),
(533, 1, 'XX182'),
(534, 1, 'XX182'),
(535, 1, 'XX182'),
(536, 1, 'XX182'),
(537, 1, 'XX182'),
(538, 1, 'XX182'),
(539, 1, 'XX182'),
(540, 0, 'XX110'),
(541, 0, 'XX110'),
(542, 0, 'XX110'),
(543, 0, 'XX110'),
(544, 0, 'XX110'),
(545, 0, 'XX110'),
(546, 0, 'XX110'),
(547, 1, 'XX110'),
(548, 1, 'XX110'),
(549, 1, 'XX110'),
(550, 1, 'XX110'),
(551, 1, 'XX110'),
(552, 1, 'XX110'),
(553, 1, 'XX110'),
(554, 0, 'XX112'),
(555, 0, 'XX112'),
(556, 0, 'XX112'),
(557, 0, 'XX112'),
(558, 0, 'XX112'),
(559, 0, 'XX112'),
(560, 0, 'XX112'),
(561, 0, 'XX112'),
(562, 0, 'XX112'),
(563, 0, 'XX112'),
(564, 0, 'XX112'),
(565, 0, 'XX112'),
(566, 0, 'XX112'),
(567, 0, 'XX112'),
(568, 1, 'XX114'),
(569, 1, 'XX114'),
(570, 1, 'XX114'),
(571, 1, 'XX114'),
(572, 1, 'XX114'),
(573, 1, 'XX114'),
(574, 1, 'XX114'),
(575, 1, 'XX114'),
(576, 1, 'XX114'),
(577, 1, 'XX114'),
(578, 1, 'XX114'),
(579, 1, 'XX114'),
(580, 1, 'XX114'),
(581, 1, 'XX114'),
(582, 1, 'XX120'),
(583, 1, 'XX120'),
(584, 1, 'XX120'),
(585, 1, 'XX120'),
(586, 1, 'XX120'),
(587, 1, 'XX120'),
(588, 1, 'XX120'),
(589, 1, 'XX120'),
(590, 1, 'XX120'),
(591, 1, 'XX120'),
(592, 1, 'XX120'),
(593, 1, 'XX120'),
(594, 1, 'XX120'),
(595, 1, 'XX120'),
(596, 1, 'XX123'),
(597, 1, 'XX123'),
(598, 1, 'XX123'),
(599, 1, 'XX123'),
(600, 1, 'XX123'),
(601, 1, 'XX123'),
(602, 1, 'XX123'),
(603, 1, 'XX123'),
(604, 1, 'XX123'),
(605, 1, 'XX123'),
(606, 1, 'XX123'),
(607, 1, 'XX123'),
(608, 1, 'XX123'),
(609, 1, 'XX123'),
(610, 1, 'XX124'),
(611, 1, 'XX124'),
(612, 1, 'XX124'),
(613, 1, 'XX124'),
(614, 1, 'XX124'),
(615, 1, 'XX124'),
(616, 1, 'XX124'),
(617, 1, 'XX124'),
(618, 1, 'XX124'),
(619, 1, 'XX124'),
(620, 1, 'XX124'),
(621, 1, 'XX124'),
(622, 1, 'XX124'),
(623, 1, 'XX124'),
(624, 1, 'XX140'),
(625, 1, 'XX140'),
(626, 1, 'XX140'),
(627, 1, 'XX140'),
(628, 1, 'XX140'),
(629, 1, 'XX140'),
(630, 1, 'XX140'),
(631, 1, 'XX140'),
(632, 1, 'XX140'),
(633, 1, 'XX140'),
(634, 1, 'XX140'),
(635, 1, 'XX140'),
(636, 1, 'XX140'),
(637, 1, 'XX140'),
(638, 1, 'XX142'),
(639, 1, 'XX142'),
(640, 1, 'XX142'),
(641, 1, 'XX142'),
(642, 1, 'XX142'),
(643, 1, 'XX142'),
(644, 1, 'XX142'),
(645, 1, 'XX142'),
(646, 1, 'XX142'),
(647, 1, 'XX142'),
(648, 1, 'XX142'),
(649, 1, 'XX142'),
(650, 1, 'XX142'),
(651, 1, 'XX142'),
(652, 1, 'XX143'),
(653, 1, 'XX143'),
(654, 1, 'XX143'),
(655, 1, 'XX143'),
(656, 1, 'XX143'),
(657, 1, 'XX143'),
(658, 1, 'XX143'),
(659, 1, 'XX143'),
(660, 1, 'XX143'),
(661, 1, 'XX143'),
(662, 1, 'XX143'),
(663, 1, 'XX143'),
(664, 1, 'XX143'),
(665, 1, 'XX143'),
(666, 1, 'XX144'),
(667, 1, 'XX144'),
(668, 1, 'XX144'),
(669, 1, 'XX144'),
(670, 1, 'XX144'),
(671, 1, 'XX144'),
(672, 1, 'XX144'),
(673, 1, 'XX144'),
(674, 1, 'XX144'),
(675, 1, 'XX144'),
(676, 1, 'XX144'),
(677, 1, 'XX144'),
(678, 1, 'XX144'),
(679, 1, 'XX144'),
(680, 1, 'XX183'),
(681, 1, 'XX183'),
(682, 1, 'XX183'),
(683, 1, 'XX183'),
(684, 1, 'XX183'),
(685, 1, 'XX183'),
(686, 1, 'XX183'),
(687, 1, 'XX183'),
(688, 1, 'XX183'),
(689, 1, 'XX183'),
(690, 1, 'XX183'),
(691, 1, 'XX183'),
(692, 1, 'XX183'),
(693, 1, 'XX183'),
(694, 1, 'XX184'),
(695, 1, 'XX184'),
(696, 1, 'XX184'),
(697, 1, 'XX184'),
(698, 1, 'XX184'),
(699, 1, 'XX184'),
(700, 1, 'XX184'),
(701, 1, 'XX184'),
(702, 1, 'XX184'),
(703, 1, 'XX184'),
(704, 1, 'XX184'),
(705, 1, 'XX184'),
(706, 1, 'XX184'),
(707, 1, 'XX184'),
(708, 1, 'XX705'),
(709, 1, 'XX705'),
(710, 1, 'XX705'),
(711, 1, 'XX706'),
(712, 1, 'XX706'),
(713, 1, 'XX706'),
(714, 1, 'XX708'),
(715, 1, 'XX708'),
(716, 1, 'XX708'),
(717, 1, 'XX709'),
(718, 1, 'XX709'),
(719, 1, 'XX709'),
(720, 1, 'XX709'),
(721, 1, 'XX710'),
(722, 1, 'XX710'),
(723, 1, 'XX710'),
(724, 1, 'XX710'),
(725, 1, 'XX711'),
(726, 1, 'XX711'),
(727, 1, 'XX711'),
(728, 1, 'XX711'),
(729, 1, 'XX712'),
(730, 1, 'XX712'),
(731, 1, 'XX712'),
(732, 1, 'XX712'),
(733, 1, 'XX713'),
(734, 1, 'XX713'),
(735, 1, 'XX713'),
(736, 1, 'XX713'),
(737, 1, 'XX714'),
(738, 1, 'XX714'),
(739, 1, 'XX714'),
(740, 1, 'XX714'),
(741, 1, 'XX715'),
(742, 1, 'XX715'),
(743, 1, 'XX715'),
(744, 1, 'XX715'),
(745, 1, 'XX716'),
(746, 1, 'XX716'),
(747, 1, 'XX716'),
(748, 1, 'XX716'),
(749, 1, 'XX717'),
(750, 1, 'XX717'),
(751, 1, 'XX717'),
(752, 1, 'XX717'),
(753, 1, 'XX718'),
(754, 1, 'XX718'),
(755, 1, 'XX718'),
(756, 1, 'XX718'),
(757, 1, 'XX719'),
(758, 1, 'XX719'),
(759, 1, 'XX719'),
(760, 1, 'XX719'),
(761, 1, 'XX720'),
(762, 1, 'XX720'),
(763, 1, 'XX720'),
(764, 1, 'XX720'),
(765, 1, 'XX721'),
(766, 1, 'XX721'),
(767, 1, 'XX721'),
(768, 1, 'XX721'),
(769, 1, 'XX722'),
(770, 1, 'XX722'),
(771, 1, 'XX722'),
(772, 1, 'XX722'),
(773, 1, 'XX723'),
(774, 1, 'XX723'),
(775, 1, 'XX723'),
(776, 1, 'XX723'),
(777, 1, 'XX548'),
(778, 1, 'XX548'),
(779, 1, 'XX548'),
(780, 1, 'XX548'),
(781, 1, 'XX548'),
(782, 1, 'XX548'),
(783, 1, 'XX548'),
(784, 1, 'XX548'),
(785, 1, 'XX548'),
(786, 1, 'XX548'),
(787, 1, 'XX548'),
(788, 1, 'XX548'),
(789, 1, 'XX548'),
(790, 1, 'XX548'),
(791, 1, 'XX549'),
(792, 1, 'XX549'),
(793, 1, 'XX549'),
(794, 1, 'XX549'),
(795, 1, 'XX549'),
(796, 1, 'XX549'),
(797, 1, 'XX549'),
(798, 1, 'XX549'),
(799, 1, 'XX549'),
(800, 1, 'XX549'),
(801, 1, 'XX549'),
(802, 1, 'XX549'),
(803, 1, 'XX549'),
(804, 1, 'XX549'),
(805, 1, 'XX578'),
(806, 1, 'XX578'),
(807, 1, 'XX578'),
(808, 1, 'XX578'),
(809, 1, 'XX578'),
(810, 1, 'XX578'),
(811, 1, 'XX578'),
(812, 1, 'XX578'),
(813, 1, 'XX578'),
(814, 1, 'XX578'),
(815, 1, 'XX568'),
(816, 1, 'XX568'),
(817, 1, 'XX568'),
(818, 1, 'XX568'),
(819, 1, 'XX568'),
(820, 1, 'XX568'),
(821, 1, 'XX568'),
(822, 1, 'XX568'),
(823, 1, 'XX568'),
(824, 1, 'XX568'),
(825, 1, 'XX568'),
(826, 1, 'XX568'),
(827, 1, 'XX568'),
(828, 1, 'XX568'),
(829, 1, 'XX568'),
(830, 1, 'XX568'),
(831, 1, 'XX568'),
(832, 1, 'XX568'),
(833, 1, 'XX568'),
(834, 1, 'XX568'),
(835, 1, 'XX568'),
(836, 1, 'XX568'),
(837, 1, 'XX568'),
(838, 1, 'XX568'),
(839, 1, 'XX568'),
(840, 1, 'XX568'),
(841, 1, 'XX568'),
(842, 1, 'XX568'),
(843, 1, 'XX568'),
(844, 1, 'XX568'),
(845, 1, 'XX568'),
(846, 1, 'XX568'),
(847, 1, 'XX568'),
(848, 1, 'XX568'),
(849, 1, 'XX568'),
(850, 1, 'XX568'),
(851, 1, 'XX568'),
(852, 1, 'XX568'),
(853, 1, 'XX568'),
(854, 1, 'XX568'),
(855, 1, 'XX568'),
(856, 1, 'XX568'),
(857, 1, 'XX568'),
(858, 1, 'XX568'),
(859, 1, 'XX568'),
(860, 1, 'XX568'),
(861, 1, 'XX568'),
(862, 1, 'XX568'),
(863, 1, 'XX568'),
(864, 1, 'XX568'),
(865, 1, 'XX568'),
(866, 1, 'XX568'),
(867, 1, 'XX568'),
(868, 1, 'XX568'),
(869, 1, 'XX568'),
(870, 1, 'XX568'),
(871, 1, 'XX568'),
(872, 1, 'XX568'),
(873, 1, 'XX568'),
(874, 1, 'XX568'),
(875, 1, 'XX568'),
(876, 1, 'XX564'),
(877, 1, 'XX564'),
(878, 1, 'XX564'),
(879, 1, 'XX564'),
(880, 1, 'XX564'),
(881, 1, 'XX564'),
(882, 1, 'XX564'),
(883, 1, 'XX564'),
(884, 1, 'XX564'),
(885, 1, 'XX564'),
(886, 1, 'XX564'),
(887, 1, 'XX564'),
(888, 1, 'XX564'),
(889, 1, 'XX564'),
(890, 1, 'XX564'),
(891, 1, 'XX564'),
(892, 1, 'XX564'),
(893, 1, 'XX564'),
(894, 1, 'XX564'),
(895, 1, 'XX564'),
(896, 1, 'XX564'),
(897, 1, 'XX564'),
(898, 1, 'XX564'),
(899, 1, 'XX564'),
(900, 1, 'XX564'),
(901, 1, 'XX564'),
(902, 1, 'XX564'),
(903, 1, 'XX564'),
(904, 1, 'XX564'),
(905, 1, 'XX564'),
(906, 1, 'XX564'),
(907, 1, 'XX564'),
(908, 1, 'XX564'),
(909, 1, 'XX564'),
(910, 1, 'XX564'),
(911, 1, 'XX564'),
(912, 1, 'XX564'),
(913, 1, 'XX564'),
(914, 1, 'XX564'),
(915, 1, 'XX564'),
(916, 1, 'XX564'),
(917, 1, 'XX564'),
(918, 1, 'XX564'),
(919, 1, 'XX564'),
(920, 1, 'XX564'),
(921, 1, 'XX564'),
(922, 1, 'XX564'),
(923, 0, 'XX564'),
(924, 1, 'XX564'),
(925, 1, 'XX564'),
(926, 1, 'XX564'),
(927, 1, 'XX564'),
(928, 1, 'XX564'),
(929, 1, 'XX564'),
(930, 1, 'XX564'),
(931, 1, 'XX564'),
(932, 1, 'XX564'),
(933, 1, 'XX564'),
(934, 1, 'XX564'),
(935, 1, 'XX564'),
(936, 1, 'XX564'),
(937, 1, 'XX564'),
(938, 1, 'XX564'),
(939, 1, 'XX564'),
(940, 1, 'XX564'),
(941, 1, 'XX426'),
(942, 1, 'XX426'),
(943, 1, 'XX426'),
(944, 1, 'XX426'),
(945, 1, 'XX426'),
(946, 1, 'XX426'),
(947, 1, 'XX199'),
(948, 1, 'XX199'),
(949, 1, 'XX199'),
(950, 1, 'XX199'),
(951, 1, 'XX199'),
(952, 1, 'XX199'),
(953, 1, 'XX199'),
(954, 1, 'XX199'),
(955, 1, 'XX199'),
(956, 1, 'XX199'),
(957, 1, 'XX199'),
(958, 1, 'XX199');

-- --------------------------------------------------------

--
-- Structure de la table `equipment`
--

DROP TABLE IF EXISTS `equipment`;
CREATE TABLE IF NOT EXISTS `equipment` (
  `ref_equip` varchar(5) NOT NULL,
  `type_equip` varchar(30) NOT NULL,
  `brand_equip` varchar(30) NOT NULL,
  `name_equip` varchar(30) NOT NULL,
  `version_equip` varchar(15) NOT NULL,
  PRIMARY KEY (`ref_equip`)
) ENGINE=InnoDB DEFAULT CHARSET=utf8mb4 COLLATE=utf8mb4_0900_ai_ci;

--
-- Déchargement des données de la table `equipment`
--

INSERT INTO `equipment` (`ref_equip`, `type_equip`, `brand_equip`, `name_equip`, `version_equip`) VALUES
('AP154', 'Laptop', 'Apple', 'Macbook Air', '1.0'),
('XX110', 'Meuble', 'IKEA', 'Table', 'ROUGE'),
('XX111', 'smartphone', 'Samsung', 'GalaxyS10', 'PLUS'),
('XX112', 'Meuble', 'IKEA', 'Table', 'ROUGE'),
('XX114', 'Meuble', 'IKEA', 'Table', 'ROUGE'),
('XX120', 'Meuble', 'IKEA', 'Table', 'ROUGE'),
('XX123', 'Meuble', 'IKEA', 'Table', 'ROUGE'),
('XX124', 'Meuble', 'IKEA', 'Table', 'ROUGE'),
('XX125', 'Tablette.', 'Microsoft-.', 'Surface-Pro.', '13p-.'),
('XX126', 'Tablette', 'Microsoft', 'Surface Pro', '15p'),
('XX140', 'Meuble', 'IKEA', 'Table', 'ROUGE'),
('XX142', 'Meuble', 'IKEA', 'Table', 'ROUGE'),
('XX143', 'Meuble', 'IKEA', 'Table', 'ROUGE'),
('XX144', 'Meuble', 'IKEA', 'Table', 'ROUGE'),
('XX148', 'Meuble', 'IKEA', 'Table', 'ROUGE'),
('XX181', 'Meuble', 'IKEA', 'Table', 'ROUGE'),
('XX182', 'Meuble', 'IKEA', 'Table', 'ROUGE'),
('XX183', 'Meuble', 'IKEA', 'Table', 'ROUGE'),
('XX184', 'Meuble', 'IKEA', 'Table', 'ROUGE'),
('XX187', 'Meuble', 'IKEA', 'Table', 'ROUGE'),
('XX199', 'Canape', 'IKEA', 'CanapeCuire', '1.0'),
('XX421', 'Souris', 'Razer', 'DeathAdder', '1.0'),
('XX422', 'ConsoleNextGen', 'Razer', 'DeathAdder', '1.0'),
('XX426', 'Mouse', 'Razer', 'DeathAdder', '1.0'),
('XX445', 'Meuble', 'IKEA', 'Table', 'ROUGE'),
('XX467', 'Meuble', 'IKEA', 'Table', 'ROUGE'),
('XX548', 'Meuble', 'IKEA', 'Table', 'ROUGE'),
('XX549', 'Meuble', 'IKEA', 'Table', 'ROUG'),
('XX564', 'Console', 'Sony', 'PS5 pro', 'FAT'),
('XX568', 'Console', 'Sony', 'PS5 pro', 'FAT'),
('XX578', 'Console', 'Sony', 'PlayStation 5', '1.0'),
('XX584', 'Voiture', 'Ford', 'Fiesta', '2019'),
('XX587', 'Voiture', 'Ford', 'Fiesta', '2018'),
('XX654', 'Meuble', 'IKEA', 'Canape', 'noire'),
('XX705', 'Meuble', 'IKEA', 'CANAPE', '5.5'),
('XX706', 'Meuble', 'IKEA', 'CANAPE', '5.5'),
('XX708', 'Meuble', 'IKEA', 'CANAPE', '5.5'),
('XX709', 'Meuble', 'IKEA', 'CANAPE', '5.5'),
('XX710', 'Meuble', 'IKEA', 'CANAPE', '5.5'),
('XX711', 'Meuble', 'IKEA', 'CANAPE', '5.5'),
('XX712', 'Meuble', 'IKEA', 'CANAPE', '5.5'),
('XX713', 'Meuble', 'IKEA', 'CANAPE', '5.5'),
('XX714', 'Meuble', 'IKEA', 'CANAPE', '5.5'),
('XX715', 'Meuble', 'IKEA', 'CANAPE', '5.5'),
('XX716', 'Meuble', 'IKEA', 'CANAPE', '5.5'),
('XX717', 'Meuble', 'IKEA', 'CANAPE', '5.5'),
('XX718', 'Meuble', 'IKEA', 'CANAPE', '5.5'),
('XX719', 'Meuble', 'IKEA', 'CANAPE', '5.5'),
('XX720', 'Meuble', 'IKEA', 'CANAPE', '5.5'),
('XX721', 'Meuble', 'IKEA', 'CANAPE', '5.5'),
('XX722', 'Meuble', 'IKEA', 'CANAPE', '5.5'),
('XX723', 'Meuble', 'IKEA', 'CANAPE', '5.5'),
('XX844', 'Meuble', 'IKEA', 'Table', 'ROUGE'),
('XX848', 'Meuble', 'IKEA', 'Table', 'ROUGE'),
('XX862', 'Meuble', 'IKEA', 'Table', 'ROUGE'),
('XX864', 'Meuble', 'IKEA', 'Table', 'ROUGE'),
('XX870', 'Meuble', 'IKEA', 'Table', 'ROUGE'),
('XX871', 'Meuble', 'IKEA', 'Table', 'Blanche'),
('XX876', 'Meuble', 'IKEA', 'Table', 'ROUGE'),
('XX879', 'Meuble', 'IKEA', 'Table', 'Blanche'),
('XX999', 'Laptop', 'Dell', 'Inspiron 7577', 'GTX1060 15p');

-- --------------------------------------------------------

--
-- Structure de la table `stock_photo`
--

DROP TABLE IF EXISTS `stock_photo`;
CREATE TABLE IF NOT EXISTS `stock_photo` (
  `link_photo` varchar(700) CHARACTER SET utf8mb4 COLLATE utf8mb4_0900_ai_ci NOT NULL,
  `ref_equip` varchar(5) NOT NULL,
  PRIMARY KEY (`link_photo`,`ref_equip`) USING BTREE,
  KEY `stock_photo_equipment_FK` (`ref_equip`)
) ENGINE=InnoDB DEFAULT CHARSET=utf8mb4 COLLATE=utf8mb4_0900_ai_ci;

--
-- Déchargement des données de la table `stock_photo`
--

INSERT INTO `stock_photo` (`link_photo`, `ref_equip`) VALUES
('', 'XX199'),
('', 'XX549'),
('', 'XX716'),
('', 'XX717'),
('', 'XX718'),
('assets/images/Meuble/tulucharger.jpeg', 'XX719'),
('assets/images/Meuble/telecharger.jpeg', 'XX720'),
('assets/images/Meuble/telecharger(0).jpeg', 'XX721'),
('assets/images/Meuble/ps5.jpgg', 'XX722'),
('assets/images/Meuble/telecharger(1).jpeg', 'XX723');

-- --------------------------------------------------------

--
-- Structure de la table `users`
--

DROP TABLE IF EXISTS `users`;
CREATE TABLE IF NOT EXISTS `users` (
  `id_user` int NOT NULL AUTO_INCREMENT,
  `matricule_user` varchar(50) NOT NULL,
  `email_user` varchar(50) NOT NULL,
  `password_user` varchar(50) NOT NULL,
  `name_user` varchar(30) NOT NULL,
  `lastname_user` varchar(30) NOT NULL,
  `phone_user` varchar(13) DEFAULT NULL,
  `isAdmin_user` tinyint(1) NOT NULL,
  PRIMARY KEY (`id_user`)
) ENGINE=InnoDB AUTO_INCREMENT=3 DEFAULT CHARSET=utf8mb4 COLLATE=utf8mb4_0900_ai_ci;

--
-- Déchargement des données de la table `users`
--

INSERT INTO `users` (`id_user`, `matricule_user`, `email_user`, `password_user`, `name_user`, `lastname_user`, `phone_user`, `isAdmin_user`) VALUES
(2, 'admin12', 'adad@adad.xn--adeez-fsa', '6c7ca345f63f835cb353ff15bd6c5e052ec08e7a', 'adminName', 'adminnLastNamesss', '', 1);

--
-- Contraintes pour les tables déchargées
--

--
-- Contraintes pour la table `borrow`
--
ALTER TABLE `borrow`
  ADD CONSTRAINT `borrow_borrow_info1_FK` FOREIGN KEY (`id_borrow`) REFERENCES `borrow_info` (`id_borrow`),
  ADD CONSTRAINT `borrow_device0_FK` FOREIGN KEY (`id_device`) REFERENCES `device` (`id_device`),
  ADD CONSTRAINT `borrow_users_FK` FOREIGN KEY (`id_user`) REFERENCES `users` (`id_user`);

--
-- Contraintes pour la table `device`
--
ALTER TABLE `device`
  ADD CONSTRAINT `device_equipment_FK` FOREIGN KEY (`ref_equip`) REFERENCES `equipment` (`ref_equip`) ON DELETE RESTRICT ON UPDATE CASCADE;

--
-- Contraintes pour la table `stock_photo`
--
ALTER TABLE `stock_photo`
  ADD CONSTRAINT `stock_photo_equipment_FK` FOREIGN KEY (`ref_equip`) REFERENCES `equipment` (`ref_equip`) ON DELETE RESTRICT ON UPDATE CASCADE;
COMMIT;

/*!40101 SET CHARACTER_SET_CLIENT=@OLD_CHARACTER_SET_CLIENT */;
/*!40101 SET CHARACTER_SET_RESULTS=@OLD_CHARACTER_SET_RESULTS */;
/*!40101 SET COLLATION_CONNECTION=@OLD_COLLATION_CONNECTION */;
